{"DATEFORMATS":["EEEE، d MMMM، y","d MMMM، y","dd‏/MM‏/yyyy","d‏/M‏/yyyy"],"NARROWWEEKDAYS":["ح","ن","ث","ر","خ","ج","س"],"STANDALONESHORTMONTHS":["يناير","فبراير","مارس","أبريل","مايو","يونيو","يوليو","أغسطس","سبتمبر","أكتوبر","نوفمبر","ديسمبر"],"ERANAMES":["قبل الميلاد","ميلادي"],"FIRSTWEEKCUTOFFDAY":4,"NARROWMONTHS":["ي","ف","م","أ","و","ن","ل","غ","س","ك","ب","د"],"STANDALONESHORTWEEKDAYS":["الأحد","الاثنين","الثلاثاء","الأربعاء","الخميس","الجمعة","السبت"],"FIRSTDAYOFWEEK":5,"STANDALONEWEEKDAYS":["الأحد","الاثنين","الثلاثاء","الأربعاء","الخميس","الجمعة","السبت"],"WEEKDAYS":["الأحد","الاثنين","الثلاثاء","الأربعاء","الخميس","الجمعة","السبت"],"QUARTERS":["الربع الأول","الربع الثاني","الربع الثالث","الربع الرابع"],"ERAS":["ق.م","م"],"MONTHS":["يناير","فبراير","مارس","أبريل","مايو","يونيو","يوليو","أغسطس","سبتمبر","أكتوبر","نوفمبر","ديسمبر"],"TIMEFORMATS":["zzzz h:mm:ss a","z h:mm:ss a","h:mm:ss a","h:mm a"],"SHORTWEEKDAYS":["الأحد","الاثنين","الثلاثاء","الأربعاء","الخميس","الجمعة","السبت"],"SHORTQUARTERS":["الربع الأول","الربع الثاني","الربع الثالث","الربع الرابع"],"WEEKENDRANGE":[4,5],"STANDALONENARROWWEEKDAYS":["ح","ن","ث","ر","خ","ج","س"],"AVAILABLEFORMATS":null,"NAME":"ar","AMPMS":["ص","م"],"STANDALONEMONTHS":["يناير","فبراير","مارس","أبريل","مايو","يونيو","يوليو","أغسطس","سبتمبر","أكتوبر","نوفمبر","ديسمبر"],"SHORTMONTHS":["يناير","فبراير","مارس","أبريل","مايو","يونيو","يوليو","أغسطس","سبتمبر","أكتوبر","نوفمبر","ديسمبر"],"STANDALONENARROWMONTHS":["ي","ف","م","أ","و","ن","ل","غ","س","ك","ب","د"]}