{"DATEFORMATS":["dd MMMM y, EEEE","dd MMMM y","dd.MM.yyyy","dd.MM.yy"],"NARROWWEEKDAYS":["н","п","в","с","ч","п","с"],"STANDALONESHORTMONTHS":["ян.","февр.","март","апр.","май","юни","юли","авг.","септ.","окт.","ноем.","дек."],"ERANAMES":["пр.Хр.","сл.Хр."],"FIRSTWEEKCUTOFFDAY":3,"NARROWMONTHS":["я","ф","м","а","м","ю","ю","а","с","о","н","д"],"STANDALONESHORTWEEKDAYS":["нд","пн","вт","ср","чт","пт","сб"],"FIRSTDAYOFWEEK":0,"STANDALONEWEEKDAYS":["неделя","понеделник","вторник","сряда","четвъртък","петък","събота"],"WEEKDAYS":["неделя","понеделник","вторник","сряда","четвъртък","петък","събота"],"QUARTERS":["1-во тримесечие","2-ро тримесечие","3-то тримесечие","4-то тримесечие"],"ERAS":["пр. н. е.","от н. е."],"MONTHS":["януари","февруари","март","април","май","юни","юли","август","септември","октомври","ноември","декември"],"TIMEFORMATS":["HH:mm:ss zzzz","HH:mm:ss z","HH:mm:ss","HH:mm"],"SHORTWEEKDAYS":["нд","пн","вт","ср","чт","пт","сб"],"SHORTQUARTERS":["I трим.","II трим.","III трим.","IV трим."],"WEEKENDRANGE":[5,6],"STANDALONENARROWWEEKDAYS":["н","п","в","с","ч","п","с"],"AVAILABLEFORMATS":null,"NAME":"bg","AMPMS":["пр. об.","сл. об."],"STANDALONEMONTHS":["януари","февруари","март","април","май","юни","юли","август","септември","октомври","ноември","декември"],"SHORTMONTHS":["ян.","февр.","март","апр.","май","юни","юли","авг.","септ.","окт.","ноем.","дек."],"STANDALONENARROWMONTHS":["я","ф","м","а","м","ю","ю","а","с","о","н","д"]}