{"DATEFORMATS":["EEEE, d MMMM, y","d MMMM, y","d MMM, y","d/M/yy"],"NARROWWEEKDAYS":["র","সো","ম","বু","বৃ","শু","শ"],"STANDALONESHORTMONTHS":["জানুয়ারী","ফেব্রুয়ারী","মার্চ","এপ্রিল","মে","জুন","জুলাই","আগস্ট","সেপ্টেম্বর","অক্টোবর","নভেম্বর","ডিসেম্বর"],"ERANAMES":["খৃষ্টপূর্ব","খৃষ্টাব্দ"],"FIRSTWEEKCUTOFFDAY":3,"NARROWMONTHS":["জা","ফে","মা","এ","মে","জুন","জু","আ","সে","অ","ন","ডি"],"STANDALONESHORTWEEKDAYS":["রবি","সোম","মঙ্গল","বুধ","বৃহস্পতি","শুক্র","শনি"],"FIRSTDAYOFWEEK":4,"STANDALONEWEEKDAYS":["রবিবার","সোমবার","মঙ্গলবার","বুধবার","বৃহষ্পতিবার","শুক্রবার","শনিবার"],"WEEKDAYS":["রবিবার","সোমবার","মঙ্গলবার","বুধবার","বৃহষ্পতিবার","শুক্রবার","শনিবার"],"QUARTERS":["প্রথম চতুর্থাংশ","দ্বিতীয় চতুর্থাংশ","তৃতীয় চতুর্থাংশ","চতুর্থ চতুর্থাংশ"],"ERAS":["খৃষ্টপূর্ব","খৃষ্টাব্দ"],"MONTHS":["জানুয়ারী","ফেব্রুয়ারী","মার্চ","এপ্রিল","মে","জুন","জুলাই","আগস্ট","সেপ্টেম্বর","অক্টোবর","নভেম্বর","ডিসেম্বর"],"TIMEFORMATS":["h:mm:ss a zzzz","h:mm:ss a z","h:mm:ss a","h:mm a"],"SHORTWEEKDAYS":["রবি","সোম","মঙ্গল","বুধ","বৃহস্পতি","শুক্র","শনি"],"SHORTQUARTERS":["চতুর্থাংশ ১","চতুর্থাংশ ২","চতুর্থাংশ ৩","চতুর্থাংশ ৪"],"WEEKENDRANGE":[5,6],"STANDALONENARROWWEEKDAYS":["র","সো","ম","বু","বৃ","শু","শ"],"AVAILABLEFORMATS":null,"NAME":"bn","AMPMS":["am","pm"],"STANDALONEMONTHS":["জানুয়ারী","ফেব্রুয়ারী","মার্চ","এপ্রিল","মে","জুন","জুলাই","আগস্ট","সেপ্টেম্বর","অক্টোবর","নভেম্বর","ডিসেম্বর"],"SHORTMONTHS":["জানুয়ারী","ফেব্রুয়ারী","মার্চ","এপ্রিল","মে","জুন","জুলাই","আগস্ট","সেপ্টেম্বর","অক্টোবর","নভেম্বর","ডিসেম্বর"],"STANDALONENARROWMONTHS":["জা","ফে","মা","এ","মে","জুন","জু","আ","সে","অ","ন","ডি"]}