{"DATEFORMATS":["EEEE d MMMM y","d MMMM y","d MMM y","yyyy/M/d"],"NARROWWEEKDAYS":["ی","د","س","چ","پ","ج","ش"],"STANDALONESHORTMONTHS":["ژانویه","فوریه","مارس","آوریل","مه","ژوئن","ژوئیه","اوت","سپتامبر","اکتبر","نوامبر","دسامبر"],"ERANAMES":["قبل از میلاد","میلادی"],"FIRSTWEEKCUTOFFDAY":4,"NARROWMONTHS":["ژ","ف","م","آ","م","ژ","ژ","ا","س","ا","ن","د"],"STANDALONESHORTWEEKDAYS":["یکشنبه","دوشنبه","سه‌شنبه","چهارشنبه","پنجشنبه","جمعه","شنبه"],"FIRSTDAYOFWEEK":5,"STANDALONEWEEKDAYS":["یکشنبه","دوشنبه","سه‌شنبه","چهارشنبه","پنجشنبه","جمعه","شنبه"],"WEEKDAYS":["یکشنبه","دوشنبه","سه‌شنبه","چهارشنبه","پنجشنبه","جمعه","شنبه"],"QUARTERS":["سه‌ماههٔ اول","سه‌ماههٔ دوم","سه‌ماههٔ سوم","سه‌ماههٔ چهارم"],"ERAS":["ق.م.","م."],"MONTHS":["ژانویهٔ","فوریهٔ","مارس","آوریل","مهٔ","ژوئن","ژوئیهٔ","اوت","سپتامبر","اکتبر","نوامبر","دسامبر"],"TIMEFORMATS":["H:mm:ss (zzzz)","H:mm:ss (z)","H:mm:ss","H:mm"],"SHORTWEEKDAYS":["یکشنبه","دوشنبه","سه‌شنبه","چهارشنبه","پنجشنبه","جمعه","شنبه"],"SHORTQUARTERS":["س‌م۱","س‌م۲","س‌م۳","س‌م۴"],"WEEKENDRANGE":[3,4],"STANDALONENARROWWEEKDAYS":["ی","د","س","چ","پ","ج","ش"],"AVAILABLEFORMATS":null,"NAME":"fa","AMPMS":["قبل‌ازظهر","بعدازظهر"],"STANDALONEMONTHS":["ژانویه","فوریه","مارس","آوریل","مه","ژوئن","ژوئیه","اوت","سپتامبر","اکتبر","نوامبر","دسامبر"],"SHORTMONTHS":["ژانویهٔ","فوریهٔ","مارس","آوریل","مهٔ","ژوئن","ژوئیهٔ","اوت","سپتامبر","اکتبر","نوامبر","دسامبر"],"STANDALONENARROWMONTHS":["ژ","ف","م","آ","م","ژ","ژ","ا","س","ا","ن","د"]}