{"DATEFORMATS":["EEEE d MMMM y","d MMMM y","d MMM y","d-M-yy"],"NARROWWEEKDAYS":["ರ","ಸೋ","ಮಂ","ಬು","ಗು","ಶು","ಶ"],"STANDALONESHORTMONTHS":["ಜನವರೀ","ಫೆಬ್ರವರೀ","ಮಾರ್ಚ್","ಎಪ್ರಿಲ್","ಮೆ","ಜೂನ್","ಜುಲೈ","ಆಗಸ್ಟ್","ಸಪ್ಟೆಂಬರ್","ಅಕ್ಟೋಬರ್","ನವೆಂಬರ್","ಡಿಸೆಂಬರ್"],"ERANAMES":["ಈಸಪೂವ೯.","ಕ್ರಿಸ್ತ ಶಕ"],"FIRSTWEEKCUTOFFDAY":5,"NARROWMONTHS":["ಜ","ಫೆ","ಮಾ","ಎ","ಮೇ","ಜೂ","ಜು","ಆ","ಸೆ","ಅ","ನ","ಡಿ"],"STANDALONESHORTWEEKDAYS":["ರ.","ಸೋ.","ಮಂ.","ಬು.","ಗು.","ಶು.","ಶನಿ."],"FIRSTDAYOFWEEK":6,"STANDALONEWEEKDAYS":["ರವಿವಾರ","ಸೋಮವಾರ","ಮಂಗಳವಾರ","ಬುಧವಾರ","ಗುರುವಾರ","ಶುಕ್ರವಾರ","ಶನಿವಾರ"],"WEEKDAYS":["ರವಿವಾರ","ಸೋಮವಾರ","ಮಂಗಳವಾರ","ಬುಧವಾರ","ಗುರುವಾರ","ಶುಕ್ರವಾರ","ಶನಿವಾರ"],"QUARTERS":["ಒಂದು 1","ಎರಡು 2","ಮೂರು 3","ನಾಲೃಕ 4"],"ERAS":["ಕ್ರಿ.ಪೂ","ಜಾಹೀ"],"MONTHS":["ಜನವರೀ","ಫೆಬ್ರವರೀ","ಮಾರ್ಚ್","ಎಪ್ರಿಲ್","ಮೆ","ಜೂನ್","ಜುಲೈ","ಆಗಸ್ಟ್","ಸಪ್ಟೆಂಬರ್","ಅಕ್ಟೋಬರ್","ನವೆಂಬರ್","ಡಿಸೆಂಬರ್"],"TIMEFORMATS":["hh:mm:ss a zzzz","hh:mm:ss a z","hh:mm:ss a","hh:mm a"],"SHORTWEEKDAYS":["ರ.","ಸೋ.","ಮಂ.","ಬು.","ಗು.","ಶು.","ಶನಿ."],"SHORTQUARTERS":["ಒಂದು 1","ಎರಡು 2","ಮೂರು 3","ನಾಲೃಕ 4"],"WEEKENDRANGE":[6,6],"STANDALONENARROWWEEKDAYS":["ರ","ಸೋ","ಮಂ","ಬು","ಗು","ಶು","ಶ"],"AVAILABLEFORMATS":null,"NAME":"kn","AMPMS":["am","pm"],"STANDALONEMONTHS":["ಜನವರೀ","ಫೆಬ್ರವರೀ","ಮಾರ್ಚ್","ಎಪ್ರಿಲ್","ಮೆ","ಜೂನ್","ಜುಲೈ","ಆಗಸ್ಟ್","ಸಪ್ಟೆಂಬರ್","ಅಕ್ಟೋಬರ್","ನವೆಂಬರ್","ಡಿಸೆಂಬರ್"],"SHORTMONTHS":["ಜನವರೀ","ಫೆಬ್ರವರೀ","ಮಾರ್ಚ್","ಎಪ್ರಿಲ್","ಮೆ","ಜೂನ್","ಜುಲೈ","ಆಗಸ್ಟ್","ಸಪ್ಟೆಂಬರ್","ಅಕ್ಟೋಬರ್","ನವೆಂಬರ್","ಡಿಸೆಂಬರ್"],"STANDALONENARROWMONTHS":["ಜ","ಫೆ","ಮಾ","ಎ","ಮೇ","ಜೂ","ಜು","ಆ","ಸೆ","ಅ","ನ","ಡಿ"]}