{"DATEFORMATS":["EEEE, d 'de' MMMM 'de' y","d 'de' MMMM 'de' y","dd/MM/yyyy","dd/MM/yy"],"NARROWWEEKDAYS":["D","S","T","Q","Q","S","S"],"STANDALONESHORTMONTHS":["Jan","Fev","Mar","Abr","Mai","Jun","Jul","Ago","Set","Out","Nov","Dez"],"ERANAMES":["Antes de Cristo","Ano do Senhor"],"FIRSTWEEKCUTOFFDAY":3,"NARROWMONTHS":["J","F","M","A","M","J","J","A","S","O","N","D"],"STANDALONESHORTWEEKDAYS":["dom","seg","ter","qua","qui","sex","sáb"],"FIRSTDAYOFWEEK":0,"STANDALONEWEEKDAYS":["Domingo","Segunda-feira","Terça-feira","Quarta-feira","Quinta-feira","Sexta-feira","Sábado"],"WEEKDAYS":["Domingo","Segunda-feira","Terça-feira","Quarta-feira","Quinta-feira","Sexta-feira","Sábado"],"QUARTERS":["1.º trimestre","2.º trimestre","3.º trimestre","4.º trimestre"],"ERAS":["a.C.","d.C."],"MONTHS":["Janeiro","Fevereiro","Março","Abril","Maio","Junho","Julho","Agosto","Setembro","Outubro","Novembro","Dezembro"],"TIMEFORMATS":["H:mm:ss zzzz","H:mm:ss z","HH:mm:ss","HH:mm"],"SHORTWEEKDAYS":["dom","seg","ter","qua","qui","sex","sáb"],"SHORTQUARTERS":["T1","T2","T3","T4"],"WEEKENDRANGE":[5,6],"STANDALONENARROWWEEKDAYS":["D","S","T","Q","Q","S","S"],"AVAILABLEFORMATS":null,"NAME":"pt_PT","AMPMS":["a.m.","p.m."],"STANDALONEMONTHS":["Janeiro","Fevereiro","Março","Abril","Maio","Junho","Julho","Agosto","Setembro","Outubro","Novembro","Dezembro"],"SHORTMONTHS":["Jan","Fev","Mar","Abr","Mai","Jun","Jul","Ago","Set","Out","Nov","Dez"],"STANDALONENARROWMONTHS":["J","F","M","A","M","J","J","A","S","O","N","D"]}