{"DATEFORMATS":["EEEE, MMMM dd y","MMMM d, y","MMM d, y","M/d/yy"],"NARROWWEEKDAYS":["L","L","M","M","H","B","S"],"STANDALONESHORTMONTHS":["Ene","Peb","Mar","Abr","May","Hun","Hul","Ago","Set","Okt","Nob","Dis"],"ERANAMES":["BC","AD"],"FIRSTWEEKCUTOFFDAY":5,"NARROWMONTHS":["E","P","M","A","M","H","H","A","S","O","N","D"],"STANDALONESHORTWEEKDAYS":["Lin","Lun","Mar","Miy","Huw","Biy","Sab"],"FIRSTDAYOFWEEK":6,"STANDALONEWEEKDAYS":["Linggo","Lunes","Martes","Miyerkules","Huwebes","Biyernes","Sabado"],"WEEKDAYS":["Linggo","Lunes","Martes","Miyerkules","Huwebes","Biyernes","Sabado"],"QUARTERS":["ika-1 sangkapat","ika-2 sangkapat","ika-3 quarter","ika-4 na quarter"],"ERAS":["BC","AD"],"MONTHS":["Enero","Pebrero","Marso","Abril","Mayo","Hunyo","Hulyo","Agosto","Setyembre","Oktubre","Nobyembre","Disyembre"],"TIMEFORMATS":["HH:mm:ss zzzz","HH:mm:ss z","HH:mm:ss","HH:mm"],"SHORTWEEKDAYS":["Lin","Lun","Mar","Mye","Huw","Bye","Sab"],"SHORTQUARTERS":["Q1","Q2","Q3","Q4"],"WEEKENDRANGE":[5,6],"STANDALONENARROWWEEKDAYS":["L","L","M","M","H","B","S"],"AVAILABLEFORMATS":null,"NAME":"tl","AMPMS":["AM","PM"],"STANDALONEMONTHS":["Enero","Pebrero","Marso","Abril","Mayo","Hunyo","Hulyo","Agosto","Setyembre","Oktubre","Nobyembre","Disyembre"],"SHORTMONTHS":["Ene","Peb","Mar","Abr","May","Hun","Hul","Ago","Set","Okt","Nob","Dis"],"STANDALONENARROWMONTHS":["E","P","M","A","M","H","H","A","S","O","N","D"]}