{"DATEFORMATS":["EEEE 'den' d. MMMM y","d. MMM y","dd/MM/yyyy","dd/MM/yy"],"NARROWWEEKDAYS":["S","M","T","O","T","F","L"],"STANDALONESHORTMONTHS":["jan","feb","mar","apr","maj","jun","jul","aug","sep","okt","nov","dec"],"ERANAMES":["f.Kr.","e.Kr."],"FIRSTWEEKCUTOFFDAY":3,"NARROWMONTHS":["J","F","M","A","M","J","J","A","S","O","N","D"],"STANDALONESHORTWEEKDAYS":["søn","man","tir","ons","tor","fre","lør"],"FIRSTDAYOFWEEK":0,"STANDALONEWEEKDAYS":["søndag","mandag","tirsdag","onsdag","torsdag","fredag","lørdag"],"WEEKDAYS":["søndag","mandag","tirsdag","onsdag","torsdag","fredag","lørdag"],"QUARTERS":["1. kvartal","2. kvartal","3. kvartal","4. kvartal"],"ERAS":["f.Kr.","e.Kr."],"MONTHS":["januar","februar","marts","april","maj","juni","juli","august","september","oktober","november","december"],"TIMEFORMATS":["HH.mm.ss zzzz","HH.mm.ss z","HH.mm.ss","HH.mm"],"SHORTWEEKDAYS":["søn","man","tir","ons","tor","fre","lør"],"SHORTQUARTERS":["K1","K2","K3","K4"],"WEEKENDRANGE":[5,6],"STANDALONENARROWWEEKDAYS":["S","M","T","O","T","F","L"],"AVAILABLEFORMATS":null,"NAME":"da","AMPMS":["f.m.","e.m."],"STANDALONEMONTHS":["januar","februar","marts","april","maj","juni","juli","august","september","oktober","november","december"],"SHORTMONTHS":["jan.","feb.","mar.","apr.","maj","jun.","jul.","aug.","sep.","okt.","nov.","dec."],"STANDALONENARROWMONTHS":["J","F","M","A","M","J","J","A","S","O","N","D"]}