{"DATEFORMATS":["cccc, d. MMMM y","d. MMMM y","d.M.yyyy","d.M.yyyy"],"NARROWWEEKDAYS":["S","M","T","K","T","P","L"],"STANDALONESHORTMONTHS":["tammi","helmi","maalis","huhti","touko","kesä","heinä","elo","syys","loka","marras","joulu"],"ERANAMES":["ennen Kristuksen syntymää","jälkeen Kristuksen syntymän"],"FIRSTWEEKCUTOFFDAY":3,"NARROWMONTHS":["T","H","M","H","T","K","H","E","S","L","M","J"],"STANDALONESHORTWEEKDAYS":["su","ma","ti","ke","to","pe","la"],"FIRSTDAYOFWEEK":0,"STANDALONEWEEKDAYS":["sunnuntai","maanantai","tiistai","keskiviikko","torstai","perjantai","lauantai"],"WEEKDAYS":["sunnuntaina","maanantaina","tiistaina","keskiviikkona","torstaina","perjantaina","lauantaina"],"QUARTERS":["1. neljännes","2. neljännes","3. neljännes","4. neljännes"],"ERAS":["eKr.","jKr."],"MONTHS":["tammikuuta","helmikuuta","maaliskuuta","huhtikuuta","toukokuuta","kesäkuuta","heinäkuuta","elokuuta","syyskuuta","lokakuuta","marraskuuta","joulukuuta"],"TIMEFORMATS":["H.mm.ss zzzz","H.mm.ss z","H.mm.ss","H.mm"],"SHORTWEEKDAYS":["su","ma","ti","ke","to","pe","la"],"SHORTQUARTERS":["1. nelj.","2. nelj.","3. nelj.","4. nelj."],"WEEKENDRANGE":[5,6],"STANDALONENARROWWEEKDAYS":["S","M","T","K","T","P","L"],"AVAILABLEFORMATS":null,"NAME":"fi","AMPMS":["ap.","ip."],"STANDALONEMONTHS":["tammikuu","helmikuu","maaliskuu","huhtikuu","toukokuu","kesäkuu","heinäkuu","elokuu","syyskuu","lokakuu","marraskuu","joulukuu"],"SHORTMONTHS":["tammikuuta","helmikuuta","maaliskuuta","huhtikuuta","toukokuuta","kesäkuuta","heinäkuuta","elokuuta","syyskuuta","lokakuuta","marraskuuta","joulukuuta"],"STANDALONENARROWMONTHS":["T","H","M","H","T","K","H","E","S","L","M","J"]}