{"DATEFORMATS":["EEEE dd MMMM y","dd MMMM y","d MMM, y","dd/MM/yy"],"NARROWWEEKDAYS":["D","L","M","M","X","V","S"],"STANDALONESHORTMONTHS":["Xan","Feb","Mar","Abr","Mai","Xuñ","Xul","Ago","Set","Out","Nov","Dec"],"ERANAMES":["antes de Cristo","despois de Cristo"],"FIRSTWEEKCUTOFFDAY":3,"NARROWMONTHS":["X","F","M","A","M","X","X","A","S","O","N","D"],"STANDALONESHORTWEEKDAYS":["Dom","Lun","Mar","Mér","Xov","Ven","Sáb"],"FIRSTDAYOFWEEK":0,"STANDALONEWEEKDAYS":["Domingo","Luns","Martes","Mércores","Xoves","Venres","Sábado"],"WEEKDAYS":["Domingo","Luns","Martes","Mércores","Xoves","Venres","Sábado"],"QUARTERS":["1o trimestre","2o trimestre","3o trimestre","4o trimestre"],"ERAS":["a.C.","d.C."],"MONTHS":["Xaneiro","Febreiro","Marzo","Abril","Maio","Xuño","Xullo","Agosto","Setembro","Outubro","Novembro","Decembro"],"TIMEFORMATS":["HH:mm:ss zzzz","HH:mm:ss z","HH:mm:ss","HH:mm"],"SHORTWEEKDAYS":["Dom","Lun","Mar","Mér","Xov","Ven","Sáb"],"SHORTQUARTERS":["T1","T2","T3","T4"],"WEEKENDRANGE":[5,6],"STANDALONENARROWWEEKDAYS":["D","L","M","M","X","V","S"],"AVAILABLEFORMATS":null,"NAME":"gl","AMPMS":["a.m.","p.m."],"STANDALONEMONTHS":["Xaneiro","Febreiro","Marzo","Abril","Maio","Xuño","Xullo","Agosto","Setembro","Outubro","Novembro","Decembro"],"SHORTMONTHS":["Xan","Feb","Mar","Abr","Mai","Xuñ","Xul","Ago","Set","Out","Nov","Dec"],"STANDALONENARROWMONTHS":["X","F","M","A","M","X","X","A","S","O","N","D"]}