{"DATEFORMATS":["EEEE d MMMM y","dd MMMM y","dd/MMM/y","dd/MM/yy"],"NARROWWEEKDAYS":["D","L","M","M","G","V","S"],"STANDALONESHORTMONTHS":["gen","feb","mar","apr","mag","giu","lug","ago","set","ott","nov","dic"],"ERANAMES":["a.C.","d.C"],"FIRSTWEEKCUTOFFDAY":3,"NARROWMONTHS":["G","F","M","A","M","G","L","A","S","O","N","D"],"STANDALONESHORTWEEKDAYS":["dom","lun","mar","mer","gio","ven","sab"],"FIRSTDAYOFWEEK":0,"STANDALONEWEEKDAYS":["Domenica","Lunedì","Martedì","Mercoledì","Giovedì","Venerdì","Sabato"],"WEEKDAYS":["domenica","lunedì","martedì","mercoledì","giovedì","venerdì","sabato"],"QUARTERS":["1o trimestre","2o trimestre","3o trimestre","4o trimestre"],"ERAS":["aC","dC"],"MONTHS":["gennaio","febbraio","marzo","aprile","maggio","giugno","luglio","agosto","settembre","ottobre","novembre","dicembre"],"TIMEFORMATS":["HH:mm:ss zzzz","HH:mm:ss z","HH:mm:ss","HH:mm"],"SHORTWEEKDAYS":["dom","lun","mar","mer","gio","ven","sab"],"SHORTQUARTERS":["T1","T2","T3","T4"],"WEEKENDRANGE":[5,6],"STANDALONENARROWWEEKDAYS":["D","L","M","M","G","V","S"],"AVAILABLEFORMATS":null,"NAME":"it","AMPMS":["m.","p."],"STANDALONEMONTHS":["Gennaio","Febbraio","Marzo","Aprile","Maggio","Giugno","Luglio","Agosto","Settembre","Ottobre","Novembre","Dicembre"],"SHORTMONTHS":["gen","feb","mar","apr","mag","giu","lug","ago","set","ott","nov","dic"],"STANDALONENARROWMONTHS":["G","F","M","A","M","G","L","A","S","O","N","D"]}