{"DATEFORMATS":["y, MMMM d, EEEE","y, MMMM d","y, MMM d","dd/MM/yy"],"NARROWWEEKDAYS":["ഞാ","തി","ചൊ","ബു","വ്യാ","വെ","ശ"],"STANDALONESHORTMONTHS":["ജനു","ഫെബ്രു","മാര്‍","ഏപ്രി","മേയ്","ജൂണ്‍","ജൂലൈ","ഓഗ","സെപ്റ്റം","ഒക്ടോ","നവം","ഡിസം"],"ERANAMES":["ക്രിസ്തുവിനു് മുമ്പ്‌","ക്രിസ്തുവിന് പിന്‍പ്"],"FIRSTWEEKCUTOFFDAY":5,"NARROWMONTHS":["ജ","ഫെ","മാ","ഏ","മേ","ജൂ","ജൂ","ഓ","സെ","ഒ","ന","ഡി"],"STANDALONESHORTWEEKDAYS":["ഞായര്‍","തിങ്കള്‍","ചൊവ്വ","ബുധന്‍","വ്യാഴം","വെള്ളി","ശനി"],"FIRSTDAYOFWEEK":6,"STANDALONEWEEKDAYS":["ഞായറാഴ്ച","തിങ്കളാഴ്ച","ചൊവ്വാഴ്ച","ബുധനാഴ്ച","വ്യാഴാഴ്ച","വെള്ളിയാഴ്ച","ശനിയാഴ്ച"],"WEEKDAYS":["ഞായറാഴ്ച","തിങ്കളാഴ്ച","ചൊവ്വാഴ്ച","ബുധനാഴ്ച","വ്യാഴാഴ്ച","വെള്ളിയാഴ്ച","ശനിയാഴ്ച"],"QUARTERS":["ഒന്നാം പാദം","രണ്ടാം പാദം","മൂന്നാം പാദം","നാലാം പാദം"],"ERAS":["ക്രി.മൂ","ക്രി.പി."],"MONTHS":["ജനുവരി","ഫെബ്രുവരി","മാര്‍ച്ച്","ഏപ്രില്‍","മേയ്","ജൂണ്‍","ജൂലൈ","ആഗസ്റ്റ്","സെപ്റ്റംബര്‍","ഒക്ടോബര്‍","നവംബര്‍","ഡിസംബര്‍"],"TIMEFORMATS":["h:mm:ss a zzzz","h:mm:ss a z","h:mm:ss a","h:mm a"],"SHORTWEEKDAYS":["ഞായര്‍","തിങ്കള്‍","ചൊവ്വ","ബുധന്‍","വ്യാഴം","വെള്ളി","ശനി"],"SHORTQUARTERS":["Q1","Q2","Q3","Q4"],"WEEKENDRANGE":[6,6],"STANDALONENARROWWEEKDAYS":["ഞാ","തി","ചൊ","ബു","വ്യാ","വെ","ശ"],"AVAILABLEFORMATS":null,"NAME":"ml","AMPMS":["am","pm"],"STANDALONEMONTHS":["ജനുവരി","ഫെബ്രുവരി","മാര്‍ച്ച്","ഏപ്രില്‍","മേയ്","ജൂണ്‍","ജൂലൈ","ആഗസ്റ്റ്","സെപ്റ്റംബര്‍","ഒക്ടോബര്‍","നവംബര്‍","ഡിസംബര്‍"],"SHORTMONTHS":["ജനു","ഫെബ്രു","മാര്‍","ഏപ്രി","മേയ്","ജൂണ്‍","ജൂലൈ","ഓഗ","സെപ്റ്റം","ഒക്ടോ","നവം","ഡിസം"],"STANDALONENARROWMONTHS":["ജ","ഫെ","മാ","ഏ","മേ","ജൂ","ജൂ","ഓ","സെ","ഒ","ന","ഡി"]}