{"DATEFORMATS":["EEEE, d MMMM y","d MMMM y","d MMM y","d-M-yy"],"NARROWWEEKDAYS":["ର","ସୋ","ମ","ବୁ","ଗୁ","ଶୁ","ଶ"],"STANDALONESHORTMONTHS":["ଜାନୁଆରୀ","ଫେବ୍ରୁୟାରୀ","ମାର୍ଚ୍ଚ","ଅପ୍ରେଲ","ମେ","ଜୁନ","ଜୁଲାଇ","ଅଗଷ୍ଟ","ସେପ୍ଟେମ୍ବର","ଅକ୍ଟୋବର","ନଭେମ୍ବର","ଡିସେମ୍ବର"],"ERANAMES":["BCE","CE"],"FIRSTWEEKCUTOFFDAY":5,"NARROWMONTHS":["ଜା","ଫେ","ମା","ଅ","ମେ","ଜୁ","ଜୁ","ଅ","ସେ","ଅ","ନ","ଡି"],"STANDALONESHORTWEEKDAYS":["ରବି","ସୋମ","ମଙ୍ଗଳ","ବୁଧ","ଗୁରୁ","ଶୁକ୍ର","ଶନି"],"FIRSTDAYOFWEEK":6,"STANDALONEWEEKDAYS":["ରବିବାର","ସୋମବାର","ମଙ୍ଗଳବାର","ବୁଧବାର","ଗୁରୁବାର","ଶୁକ୍ରବାର","ଶନିବାର"],"WEEKDAYS":["ରବିବାର","ସୋମବାର","ମଙ୍ଗଳବାର","ବୁଧବାର","ଗୁରୁବାର","ଶୁକ୍ରବାର","ଶନିବାର"],"QUARTERS":["Q1","Q2","Q3","Q4"],"ERAS":["BCE","CE"],"MONTHS":["ଜାନୁଆରୀ","ଫେବ୍ରୁୟାରୀ","ମାର୍ଚ୍ଚ","ଅପ୍ରେଲ","ମେ","ଜୁନ","ଜୁଲାଇ","ଅଗଷ୍ଟ","ସେପ୍ଟେମ୍ବର","ଅକ୍ଟୋବର","ନଭେମ୍ବର","ଡିସେମ୍ବର"],"TIMEFORMATS":["h:mm:ss a zzzz","h:mm:ss a z","h:mm:ss a","h:mm a"],"SHORTWEEKDAYS":["ରବି","ସୋମ","ମଙ୍ଗଳ","ବୁଧ","ଗୁରୁ","ଶୁକ୍ର","ଶନି"],"SHORTQUARTERS":["Q1","Q2","Q3","Q4"],"WEEKENDRANGE":[6,6],"STANDALONENARROWWEEKDAYS":["ର","ସୋ","ମ","ବୁ","ଗୁ","ଶୁ","ଶ"],"AVAILABLEFORMATS":null,"NAME":"or","AMPMS":["am","pm"],"STANDALONEMONTHS":["ଜାନୁଆରୀ","ଫେବ୍ରୁୟାରୀ","ମାର୍ଚ୍ଚ","ଅପ୍ରେଲ","ମେ","ଜୁନ","ଜୁଲାଇ","ଅଗଷ୍ଟ","ସେପ୍ଟେମ୍ବର","ଅକ୍ଟୋବର","ନଭେମ୍ବର","ଡିସେମ୍ବର"],"SHORTMONTHS":["ଜାନୁଆରୀ","ଫେବ୍ରୁୟାରୀ","ମାର୍ଚ୍ଚ","ଅପ୍ରେଲ","ମେ","ଜୁନ","ଜୁଲାଇ","ଅଗଷ୍ଟ","ସେପ୍ଟେମ୍ବର","ଅକ୍ଟୋବର","ନଭେମ୍ବର","ଡିସେମ୍ବର"],"STANDALONENARROWMONTHS":["ଜା","ଫେ","ମା","ଅ","ମେ","ଜୁ","ଜୁ","ଅ","ସେ","ଅ","ନ","ଡି"]}