{"DATEFORMATS":["EEEEที่ d MMMM G y","d MMMM y","d MMM y","d/M/yyyy"],"NARROWWEEKDAYS":["อ","จ","อ","พ","พ","ศ","ส"],"STANDALONESHORTMONTHS":["ม.ค.","ก.พ.","มี.ค.","เม.ย.","พ.ค.","มิ.ย.","ก.ค.","ส.ค.","ก.ย.","ต.ค.","พ.ย.","ธ.ค."],"ERANAMES":["ปีก่อนคริสต์ศักราช","คริสต์ศักราช"],"FIRSTWEEKCUTOFFDAY":5,"NARROWMONTHS":["ม.ค.","ก.พ.","มี.ค.","เม.ย.","พ.ค.","มิ.ย","ก.ค.","ส.ค.","ก.ย.","ต.ค.","พ.ย.","ธ.ค."],"STANDALONESHORTWEEKDAYS":["อา.","จ.","อ.","พ.","พฤ.","ศ.","ส."],"FIRSTDAYOFWEEK":6,"STANDALONEWEEKDAYS":["วันอาทิตย์","วันจันทร์","วันอังคาร","วันพุธ","วันพฤหัสบดี","วันศุกร์","วันเสาร์"],"WEEKDAYS":["วันอาทิตย์","วันจันทร์","วันอังคาร","วันพุธ","วันพฤหัสบดี","วันศุกร์","วันเสาร์"],"QUARTERS":["ไตรมาส 1","ไตรมาส 2","ไตรมาส 3","ไตรมาส 4"],"ERAS":["ปีก่อน ค.ศ.","ค.ศ."],"MONTHS":["มกราคม","กุมภาพันธ์","มีนาคม","เมษายน","พฤษภาคม","มิถุนายน","กรกฎาคม","สิงหาคม","กันยายน","ตุลาคม","พฤศจิกายน","ธันวาคม"],"TIMEFORMATS":["H นาฬิกา m นาที ss วินาที zzzz","H นาฬิกา m นาที ss วินาที z","H:mm:ss","H:mm"],"SHORTWEEKDAYS":["อา.","จ.","อ.","พ.","พฤ.","ศ.","ส."],"SHORTQUARTERS":["Q1","Q2","Q3","Q4"],"WEEKENDRANGE":[5,6],"STANDALONENARROWWEEKDAYS":["อ","จ","อ","พ","พ","ศ","ส"],"AVAILABLEFORMATS":null,"NAME":"th","AMPMS":["ก่อนเที่ยง","หลังเที่ยง"],"STANDALONEMONTHS":["มกราคม","กุมภาพันธ์","มีนาคม","เมษายน","พฤษภาคม","มิถุนายน","กรกฎาคม","สิงหาคม","กันยายน","ตุลาคม","พฤศจิกายน","ธันวาคม"],"SHORTMONTHS":["ม.ค.","ก.พ.","มี.ค.","เม.ย.","พ.ค.","มิ.ย.","ก.ค.","ส.ค.","ก.ย.","ต.ค.","พ.ย.","ธ.ค."],"STANDALONENARROWMONTHS":["ม.ค.","ก.พ.","มี.ค.","เม.ย.","พ.ค.","มิ.ย.","ก.ค.","ส.ค.","ก.ย.","ต.ค.","พ.ย.","ธ.ค."]}