{"d":"d일","E":"EEE","EEEE":"EEEE","LLL":"LLL","LLLL":"LLLL","M":"M월","Md":"M. d","MEd":"M. d. (EEE)","MMM":"LLL","MMMd":"MMM d일","MMMEd":"MMM d일 (EEE)","MMMM":"LLLL","MMMMd":"MMMM d일","MMMMEEEEd":"MMMM d일 (EEEE)","QQQ":"QQQ","QQQQ":"QQQQ","y":"y년","yM":"yyyy. M.","yMd":"y. M. d.","yMEd":"yyyy. M. d. (EEE)","yMMM":"y년 MMM","yMMMd":"y년 MMM d일","yMMMEd":"y년 MMM d일 (EEE)","yMMMM":"y년 MMMM","yMMMMd":"y년 MMMM d일","yMMMMEEEEd":"y년 MMMM d일 EEEE","yQQQ":"y년 QQQ","yQQQQ":"y년 QQQQ","H":"H시","Hm":"HH:mm","Hms":"HH:mm:ss","j":"a h시","jm":"a h:mm","jms":"a h:mm:ss","jmv":"a h:mm v","jmz":"a h:mm z","jz":"a h시 z","m":"m","ms":"mm:ss","s":"s","v":"v","z":"z","zzzz":"zzzz","ZZZZ":"ZZZZ"}