{"d":"d","E":"EEE","EEEE":"EEEE","LLL":"LLL","LLLL":"LLLL","M":"L","Md":"d-M","MEd":"EEE, M-d","MMM":"LLL","MMMd":"MMM d","MMMEd":"EEE MMM d","MMMM":"LLLL","MMMMd":"MMMM d","MMMMEEEEd":"EEEE MMMM d","QQQ":"QQQ","QQQQ":"QQQQ","y":"y","yM":"M-y","yMd":"y-M-d","yMEd":"EEE, y-M-d","yMMM":"y MMM","yMMMd":"y MMM d","yMMMEd":"EEE, y MMM d","yMMMM":"y MMMM","yMMMMd":"d MMMM y","yMMMMEEEEd":"EEEE, d MMMM y","yQQQ":"y QQQ","yQQQQ":"y QQQQ","H":"HH","Hm":"HH:mm","Hms":"HH:mm:ss","j":"h a","jm":"h:mm a","jms":"h:mm:ss a","jmv":"h:mm a v","jmz":"h:mm a z","jz":"h a z","m":"m","ms":"mm:ss","s":"s","v":"v","z":"z","zzzz":"zzzz","ZZZZ":"ZZZZ"}