{"d":"d","E":"ccc","EEEE":"cccc","LLL":"LLL","LLLL":"LLLL","M":"L","Md":"d.M","MEd":"EEE, dd.MM","MMM":"LLL","MMMd":"d MMM","MMMEd":"ccc, d MMM","MMMM":"LLLL","MMMMd":"d MMMM","MMMMEEEEd":"cccc, d MMMM","QQQ":"QQQ","QQQQ":"QQQQ","y":"y","yM":"MM.y","yMd":"dd.MM.y","yMEd":"EEE, dd.MM.y","yMMM":"LLL y","yMMMd":"d MMM y 'г'.","yMMMEd":"EEE, d MMM y","yMMMM":"LLLL y","yMMMMd":"d MMMM y 'г'.","yMMMMEEEEd":"EEEE, d MMMM y 'г'.","yQQQ":"y QQQ","yQQQQ":"y QQQQ","H":"H","Hm":"H:mm","Hms":"H:mm:ss","j":"H","jm":"H:mm","jms":"H:mm:ss","jmv":"H:mm v","jmz":"H:mm z","jz":"H z","m":"m","ms":"mm:ss","s":"s","v":"v","z":"z","zzzz":"zzzz","ZZZZ":"ZZZZ"}