{"d":"d","E":"EEE","EEEE":"EEEE","LLL":"LLL","LLLL":"LLLL","M":"L","Md":"d.M.","MEd":"EEE d.M.","MMM":"LLL","MMMd":"d. MMM","MMMEd":"EEE d. MMM","MMMM":"LLLL","MMMMd":"d. MMMM","MMMMEEEEd":"EEEE d. MMMM","QQQ":"QQQ","QQQQ":"QQQQ","y":"y","yM":"L.yyyy","yMd":"d.M.yyyy","yMEd":"EEE d.M.yyyy","yMMM":"LLL y","yMMMd":"d. MMM y","yMMMEd":"EEE d. MMM y","yMMMM":"LLLL y","yMMMMd":"d. MMMM y","yMMMMEEEEd":"EEEE d. MMMM y","yQQQ":"QQQ y","yQQQQ":"QQQQ y","H":"H","Hm":"H.mm","Hms":"H.mm.ss","j":"H","jm":"H.mm","jms":"H.mm.ss","jmv":"H.mm v","jmz":"H.mm z","jz":"H z","m":"m","ms":"mm.ss","s":"s","v":"v","z":"z","zzzz":"zzzz","ZZZZ":"ZZZZ"}