{"d":"d","E":"EEE","EEEE":"EEEE","LLL":"LLL","LLLL":"LLLL","M":"L","Md":"M-d","MEd":"EEE, M-d","MMM":"LLL","MMMd":"MMM d","MMMEd":"EEE MMM d","MMMM":"LLLL","MMMMd":"MMMM d","MMMMEEEEd":"EEEE MMMM d","QQQ":"QQQ","QQQQ":"QQQQ","y":"y","yM":"yyyy-M","yMd":"M/d/y","yMEd":"EEE, yyyy-M-d","yMMM":"y MMM","yMMMd":"MMM d, y","yMMMEd":"EEE, y MMM d","yMMMM":"y MMMM","yMMMMd":"MMMM d, y","yMMMMEEEEd":"EEEE, MMMM d y","yQQQ":"y QQQ","yQQQQ":"y QQQQ","H":"HH","Hm":"HH:mm","Hms":"HH:mm:ss","j":"HH","jm":"HH:mm","jms":"HH:mm:ss","jmv":"HH:mm v","jmz":"HH:mm z","jz":"HH z","m":"m","ms":"mm:ss","s":"s","v":"v","z":"z","zzzz":"zzzz","ZZZZ":"ZZZZ"}