{"d":"d","E":"EEE","EEEE":"EEEE","LLL":"LLL","LLLL":"LLLL","M":"L","Md":"M.d.","MEd":"M. d., EEE","MMM":"LLL","MMMd":"MMM d.","MMMEd":"MMM d., EEE","MMMM":"LLLL","MMMMd":"MMMM d.","MMMMEEEEd":"MMMM d., EEEE","QQQ":"QQQ","QQQQ":"QQQQ","y":"y","yM":"y.M.","yMd":"yyyy.MM.dd.","yMEd":"yyyy.MM.dd., EEE","yMMM":"y. MMM","yMMMd":"y. MMM d.","yMMMEd":"y. MMM d., EEE","yMMMM":"y. MMMM","yMMMMd":"y. MMMM d.","yMMMMEEEEd":"y. MMMM d., EEEE","yQQQ":"y. QQQ","yQQQQ":"y. QQQQ","H":"H","Hm":"H:mm","Hms":"H:mm:ss","j":"H","jm":"H:mm","jms":"H:mm:ss","jmv":"H:mm v","jmz":"H:mm z","jz":"H z","m":"m","ms":"mm:ss","s":"s","v":"v","z":"z","zzzz":"zzzz","ZZZZ":"ZZZZ"}