{"d":"d","E":"EEE","EEEE":"EEEE","LLL":"LLL","LLLL":"LLLL","M":"L","Md":"M-d","MEd":"EEE, d.M","MMM":"LLL","MMMd":"d MMM","MMMEd":"EEE d MMM","MMMM":"LLLL","MMMMd":"d MMMM","MMMMEEEEd":"EEEE d MMMM","QQQ":"QQQ","QQQQ":"QQQQ","y":"y","yM":"M.yyyy","yMd":"y-M-d","yMEd":"EEE, d.M.yyyy","yMMM":"MMM y","yMMMd":"y MMM d","yMMMEd":"EEE, d MMM y","yMMMM":"MMMM y","yMMMMd":"d MMMM y","yMMMMEEEEd":"EEEE, d MMMM y","yQQQ":"y QQQ","yQQQQ":"y QQQQ","H":"H","Hm":"H.mm","Hms":"H.mm.ss","j":"h.a","jm":"h.mm.a","jms":"h.mm.ss.a","jmv":"h.mm.a v","jmz":"h.mm.a z","jz":"h.a z","m":"m","ms":"mm.ss","s":"s","v":"v","z":"z","zzzz":"zzzz","ZZZZ":"ZZZZ"}