{"d":"d","E":"EEE","EEEE":"EEEE","LLL":"LLL","LLLL":"LLLL","M":"L","Md":"d.M","MEd":"EEE, dd.MM","MMM":"LLL","MMMd":"d MMM","MMMEd":"EEE, d MMM","MMMM":"LLLL","MMMMd":"d MMMM","MMMMEEEEd":"EEEE, d MMMM","QQQ":"QQQ","QQQQ":"QQQQ","y":"y","yM":"MM.yyyy","yMd":"dd.MM.yy","yMEd":"EEE, dd.MM.yyyy","yMMM":"LLL y","yMMMd":"d MMM y","yMMMEd":"EEE, d MMM y","yMMMM":"LLLL y","yMMMMd":"d MMMM y 'р'.","yMMMMEEEEd":"EEEE, d MMMM y 'р'.","yQQQ":"QQQ y","yQQQQ":"QQQQ y","H":"HH","Hm":"HH:mm","Hms":"HH:mm:ss","j":"HH","jm":"HH:mm","jms":"HH:mm:ss","jmv":"HH:mm v","jmz":"HH:mm z","jz":"HH z","m":"m","ms":"mm:ss","s":"s","v":"v","z":"z","zzzz":"zzzz","ZZZZ":"ZZZZ"}